no,native,species name
1,A. Mela,Acacia Melanoxylon
2,wattle,Acacia.p
3,A. Mearn,Acasia Mearnsii
4,Acrocarpus spp,Acrocarpus spp
5,Albizia,Albizia Gumifera
6,Araucaria,Araucaria
7,A. Cunn,Araucaria Cunninghamiana
8,bischofia spp,bischofia spp
9,B. Japo,Bischovia Japonica
10,B. Hul,Brachylaena Hulienesis
11,C. Rob,Callitris Robusta
12,C. Siamea,Cassia Siamea
13,casuarina,casuarina
14,C. Equise,Casuarina Equisetitolia
15,Cordia spp,Cordia Abyssinica
16,C. Macro,Croton  Macrocarpus
17,croton mega,croton mega
18,C. Meg.,Croton Megalocarpus
19,C.Toru,Cupressus  Torulosa
20,Cup. Lus,Cupressus Lusitanica
21,C. Beth,Cypressus Bethamii
22,D. Goetz,Dombeya Goetznii
23,E.TER,E.TER
24,Eucalypts,Eucalypts
25,E. Cam,Eucalyptus Camaldalensis
26,E. Citri,Eucalyptus Citriodola
27,E. Globulus,Eucalyptus Globulus
28,E. Grand,Eucalyptus Grandis
29,E.Maculata,Eucalyptus maculata
30,E. Maid,Eucalyptus Maidenii
31,E. Micro,Eucalyptus Microcorys
32,E. Pan.,Eucalyptus Paniculata
33,E. regnans,Eucalyptus regnans
34,E. Sal.,Eucalyptus Saligna
35,Ficus spp,Ficus spp
36,F. Bran,Fraxinus Brandeliana
37,G.ARBOREA,G.ARBOREA
38,G. robusta,Grevillea robusta
39,G. Robu,Grevillea Robusta
40,H. Abyssinica,Hagenia Abyssinica
41,indigenous,indigenous
42,Jacaranda,Jacaranda
43,J. Procera/cedar,Juniperus Procera
44,M. Eminii,Maesopsis Eminii
45,mangroves,mangroves
46,M. Lutea,Markhaniia Lutea
47,M. Ash,Mexican Green- Ash
48,Mixed Euc.,Mixed Eucalyptus
49,Mixed  ind.,Mixed indigenous
50,Mixed Spp,Mixed species
51,Muchorwi,Muchorwi
52,N. Conjesh,Nuxia Conjesta
53,Comphor,Ocotea Usambarensis
54,O. African,Olea Africana
55,P. Car.,Pinus Caribea
56,P. Car.,Pinus Caribea
57,P. Elliotii,Pinus Elliotii
58,P. Hal.,Pinus Halenpensis
59,P. Pat.,Pinus Patula
60,P. Rad.,Pinus Radiata
61,Podo,Podocarpus Latifolia
62,P. Kik,Polyscias Kikuyuensis
63,Prunus,Prunus Africana
64,prunus africana,prunus africana
65,S.SEAMEA,S.SEAMEA
66,T. Nobilis,Teclea Nobilis
67,T. Brown,Terminalia Brownii
68,Trichila roka,Trichia roka
69,T. Confer,Tristernia Canferta
70,,unstocked
71,V. Ken,Vitex Keniensis
72,W. Ugan,Warbugia Ugandensis
73,Z. Guiz,Zysiginm Geinensii
